url,titulo,canal,keyword,nicho,descubierto_en
https://www.youtube.com/watch?v=9ArU3D1_RPA,TikTok RUINED FASHION: Microtrends and the Death of Personal Style...,vatz,moda argentina,moda,2026-03-29 16:38:42
https://www.youtube.com/watch?v=rTjxsPx78O8,Asi es estudiar MODA en ARGENTINA 🇦🇷,Chiara Demicheli,moda argentina,moda,2026-03-29 16:38:42
https://www.youtube.com/watch?v=sVNQT8syBC4,pov: lo que no te muestran de hacer ropa en Argentina,Nacho Trotta,moda argentina,moda,2026-03-29 16:38:42
https://www.youtube.com/watch?v=C6kY36UprKQ,4k micro bikxni try on haul | transparent lingerxe | shein transparent try on haul 2025,Dolly Try On Haul ,fashion haul,moda,2026-03-29 16:38:44
https://www.youtube.com/watch?v=Vu3rO6LUUUw,"Prueba de ropa en 4K: ¡Mira todo! | Prueba de vestidos transparentes, lencería y bikinis conmigo ...",Nova Haul 4k and Nova studio ,fashion haul,moda,2026-03-29 16:38:44
https://www.youtube.com/watch?v=DuXIHyJilDA,Prueba de lencería Shein 4k 2025 | Microbikini transparente 4k,QUEEN ANGELINA,fashion haul,moda,2026-03-29 16:38:44
https://www.youtube.com/watch?v=LVJEaXSaMVk,15 OUTFIT IDEAS *choose your aesthetic*,jasmine le,outfit ideas,moda,2026-03-29 16:38:45
https://www.youtube.com/watch?v=EJiSR_gEAWE,"if you hate your outfits, watch this video. (closet basics everyone needs)",jasmine le,outfit ideas,moda,2026-03-29 16:38:45
https://www.youtube.com/watch?v=XhpXOwmUYOA,"NEVER HAVE A BORING OUTFIT! dressing for your body type, accessorizing, & style inspo",Ally Purugganan,outfit ideas,moda,2026-03-29 16:38:45
https://www.youtube.com/watch?v=swdTrXbRMps,Looks fáciles de copiar esta primavera verano 2026,Agus Pedano,tendencias ropa,moda,2026-03-29 16:38:47
https://www.youtube.com/watch?v=Q3p7xETyeIs,The shoes of the season! Spring/Summer 2026 fashion trends - What's in style? Examples,Patti Santamaría,tendencias ropa,moda,2026-03-29 16:38:47
https://www.youtube.com/watch?v=o6cjfnXMrq0,¡Guerra de 1000 VS 1000 jugadores!,MrBeast Gaming en Español,gaming latino,gaming,2026-03-29 16:38:49
https://www.youtube.com/watch?v=j8fu1WjC90A,¡Me Cazaron 100 Jugadores en Minecraft!,MrBeast Gaming en Español,gaming latino,gaming,2026-03-29 16:38:49
https://www.youtube.com/watch?v=O9fAASHUyGU,Jugamos  GTA 5 Sin Romper Ninguna Ley,MrBeast Gaming en Español,gaming latino,gaming,2026-03-29 16:38:49
https://www.youtube.com/watch?v=4MivlO8jM4c,Por esto NO te puedes FIAR de la CRÍTICA en Videojuegos,MAFIUS,review juegos,gaming,2026-03-29 16:38:51
https://www.youtube.com/watch?v=uW_0hfWP5C8,TOP 10 GAMES WORTH BUYING! ✅,ReviewMe Oficial,review juegos,gaming,2026-03-29 16:38:51
https://www.youtube.com/watch?v=ZShhNIMeEYc,Te recomiendo 100 videojuegos,alexelcapo,review juegos,gaming,2026-03-29 16:38:51
https://www.youtube.com/watch?v=foHQHHwvf8c,TWT #7 | WHISKY PARA LOS EMPLEADOS | THE WALKING TRADE Gameplay Español,Más Menos Trece,gameplay español,gaming,2026-03-29 16:38:53
https://www.youtube.com/watch?v=ELaU4gB8sXo,PRIMERAS IMPRESIONES - Crimson Desert Gameplay Español Ep1,El Escoces gamer,gameplay español,gaming,2026-03-29 16:38:53
https://www.youtube.com/watch?v=kX_BPFuNDoA,"FARMEA, AUTOMATIZA y LLEGA AL FARO | NIGHTWATER Gameplay Español",Menos Trece,gameplay español,gaming,2026-03-29 16:38:53
https://www.youtube.com/watch?v=90ZFDNBLrqE,FX vs LEV | CBLOL x LOL ESPORTS LATAM | Bo3,LoL Esports Latinoamérica,esports,gaming,2026-03-29 16:38:55
https://www.youtube.com/watch?v=WBv1DiynaOQ,[DROPS] OWCS 2026 | NA/EMEA | Stage 1 Week 2 Day 2,Overwatch Esports,esports,gaming,2026-03-29 16:38:55
https://www.youtube.com/watch?v=ZDtJ_ImQ8Ic,[UA] Tundra Esports проти team yndx | ESL One Birmingham 2026,Dota 2 Maincast,esports,gaming,2026-03-29 16:38:55
https://www.youtube.com/watch?v=dmX0l1TprQg,How to create your routine,BlueGym Animation,rutina gym,fitness,2026-03-29 16:38:57
https://www.youtube.com/watch?v=UglCbW0bmEw,How to create the perfect gym routine,Anabolic Advice,rutina gym,fitness,2026-03-29 16:38:57
https://www.youtube.com/watch?v=0VO7NTsGX_8,How to Create the Perfect Workout Routine (in 2025),The Saiyan Kiwi,rutina gym,fitness,2026-03-29 16:38:57
https://www.youtube.com/watch?v=y9-_6xBgJbE,Exercise routine for BEGINNERS At Home (20 Minutes) Start from scratch to exercise,Chuy Almada,ejercicios en casa,fitness,2026-03-29 16:38:58
https://www.youtube.com/watch?v=jbM-gE1SVMM,la única rutina que necesitas para ganar músculo desde tu casa.,Santi Graziano,ejercicios en casa,fitness,2026-03-29 16:38:58
https://www.youtube.com/watch?v=AUTqIj21X7g,"GAL: GLUTES, ABS, AND LEGS + ARMS",Fausto Murillo,ejercicios en casa,fitness,2026-03-29 16:38:58
https://www.youtube.com/watch?v=yYvGgauluy0,Francis Holway: ULTIMA Guía de Nutrición y la Ciencia de Bajar de Peso | Sabidura.Cast #27,SabiduriaCast con Franchu Pardo ,nutricion deportiva,fitness,2026-03-29 16:38:59
https://www.youtube.com/watch?v=I8f5DOMjctc,F-Talks #08 | Francis Holway: Nutrición deportiva,Future You,nutricion deportiva,fitness,2026-03-29 16:38:59
https://www.youtube.com/watch?v=9reNgtVBcJ4,"The Wild Project #295 - El Coach Nutricional | Errores fatales al comer, Dietas que no sirven, Keto",The Wild Project,nutricion deportiva,fitness,2026-03-29 16:38:59
https://www.youtube.com/watch?v=q0A-xDS2VtM,Colten Mertens – Crossfit Quarterfinals Workout 3,CF Network,crossfit,fitness,2026-03-29 16:39:02
https://www.youtube.com/watch?v=8cPQpSS8Tt4,Como es un entrenamiento (clase) de Crossfit?,Weightlifting Fitness,crossfit,fitness,2026-03-29 16:39:02
https://www.youtube.com/watch?v=KMJxx2IyLaQ,¿Es MEJOR el CROSSFIT o el GYM? Que NO te ENGAÑEN,Fran Maigler,crossfit,fitness,2026-03-29 16:39:02
https://www.youtube.com/watch?v=Dt6RtK4o2t8,GALAXY A57: THE BEST AND WORST - DOES IT LIVE UP TO EXPECTATIONS? | Review,Tano Giuliani,review celulares,tecnologia,2026-03-29 16:39:03
https://www.youtube.com/watch?v=lPQoUyrsggE,The 10 Best Phones for the Price in 2026,Pro Android,review celulares,tecnologia,2026-03-29 16:39:03
https://www.youtube.com/watch?v=_IxKXZJ-mTQ,BEST MID-RANGE CELL PHONES to buy in 2025,Isa Marcial,review celulares,tecnologia,2026-03-29 16:39:03
https://www.youtube.com/watch?v=RiC8quevWhM,51 Gadgets You Didn't Know Exist and Are Available on Amazon,Ezequiel Tech,tecnologia 2025,tecnologia,2026-03-29 16:39:06
https://www.youtube.com/watch?v=aJwMEQqwDSo,CES 2025: 15 Innovaciones Tecnológicas que Cambiarán el Futuro,Raz,tecnologia 2025,tecnologia,2026-03-29 16:39:06
https://www.youtube.com/watch?v=5D30sWHFo-8,💡50 Things from Amazon That Will Change Your LIFE in 2025,Ezequiel Tech,tecnologia 2025,tecnologia,2026-03-29 16:39:06
https://www.youtube.com/watch?v=hkoU2G6A7-0,My Massive Tech Unboxing 66 - Holiday Edition 2025!,UrAvgConsumer,unboxing tech,tecnologia,2026-03-29 16:39:08
https://www.youtube.com/watch?v=rjYnUYACF8M,My MASSIVE Tech Unboxing 67.0!,UrAvgConsumer,unboxing tech,tecnologia,2026-03-29 16:39:08
https://www.youtube.com/watch?v=5hgwfejFMV8,My Massive Tech Unboxing 65.0!,UrAvgConsumer,unboxing tech,tecnologia,2026-03-29 16:39:08
https://www.youtube.com/watch?v=JCSS6OojImM,OpenClaw: Install it in minutes (real step-by-step guide),Inteligencia Artificial,inteligencia artificial,tecnologia,2026-03-29 16:39:10
https://www.youtube.com/watch?v=G1OQn6PLLZc,⚫ EVENTO GRATIS IA: La hostIA que viene,Inteligencia Artificial,inteligencia artificial,tecnologia,2026-03-29 16:39:10
https://www.youtube.com/watch?v=HsqA_1ISq3c,La IA China que analiza tu cuerpo entero en Shenzhen,Expedición Vital,inteligencia artificial,tecnologia,2026-03-29 16:39:10
https://www.youtube.com/watch?v=9ArU3D1_RPA,TikTok RUINED FASHION: Microtrends and the Death of Personal Style...,vatz,moda argentina,moda,2026-03-30 11:50:09
https://www.youtube.com/watch?v=rTjxsPx78O8,Asi es estudiar MODA en ARGENTINA 🇦🇷,Chiara Demicheli,moda argentina,moda,2026-03-30 11:50:09
https://www.youtube.com/watch?v=sVNQT8syBC4,pov: lo que no te muestran de hacer ropa en Argentina,Nacho Trotta,moda argentina,moda,2026-03-30 11:50:09
https://www.youtube.com/watch?v=9i3YIbcsRz4,🪻 ZARA NEW SPRING-SUMMER 2026 ARRIVALS 💖 SOFT FEMININE FASHION,VisileModern,fashion haul,moda,2026-03-30 11:50:11
https://www.youtube.com/watch?v=6chcaZhT9EA,Haul de moda | Ropa nueva para esta estación @SHEINOFFICIAL,Simplemente Mikauly,fashion haul,moda,2026-03-30 11:50:11
https://www.youtube.com/watch?v=Ybr2itXSLj4,I Bought Spring Clothes from SHEIN *was it worth it!?*,Justina,fashion haul,moda,2026-03-30 11:50:11
https://www.youtube.com/watch?v=LVJEaXSaMVk,15 OUTFIT IDEAS *choose your aesthetic*,jasmine le,outfit ideas,moda,2026-03-30 11:50:13
https://www.youtube.com/watch?v=EJiSR_gEAWE,"if you hate your outfits, watch this video. (closet basics everyone needs)",jasmine le,outfit ideas,moda,2026-03-30 11:50:13
https://www.youtube.com/watch?v=klKVm1FALhs,How to Make Your Outfits Better (Avoid These Styling Mistakes!),Asia Jackson,outfit ideas,moda,2026-03-30 11:50:13
https://www.youtube.com/watch?v=abNYBAAGzsM,10 Pants That Instantly Make You Look Better | Women's Fashion 2026,Kelvin Siso,tendencias ropa,moda,2026-03-30 11:50:14
https://www.youtube.com/watch?v=Q3p7xETyeIs,The shoes of the season! Spring/Summer 2026 fashion trends - What's in style? Examples,Patti Santamaría,tendencias ropa,moda,2026-03-30 11:50:14
https://www.youtube.com/watch?v=o6cjfnXMrq0,¡Guerra de 1000 VS 1000 jugadores!,MrBeast Gaming en Español,gaming latino,gaming,2026-03-30 11:50:16
https://www.youtube.com/watch?v=j8fu1WjC90A,¡Me Cazaron 100 Jugadores en Minecraft!,MrBeast Gaming en Español,gaming latino,gaming,2026-03-30 11:50:16
https://www.youtube.com/watch?v=O9fAASHUyGU,Jugamos  GTA 5 Sin Romper Ninguna Ley,MrBeast Gaming en Español,gaming latino,gaming,2026-03-30 11:50:16
https://www.youtube.com/watch?v=4MivlO8jM4c,Por esto NO te puedes FIAR de la CRÍTICA en Videojuegos,MAFIUS,review juegos,gaming,2026-03-30 11:50:18
https://www.youtube.com/watch?v=uW_0hfWP5C8,TOP 10 GAMES WORTH BUYING! ✅,ReviewMe Oficial,review juegos,gaming,2026-03-30 11:50:18
https://www.youtube.com/watch?v=ZShhNIMeEYc,Te recomiendo 100 videojuegos,alexelcapo,review juegos,gaming,2026-03-30 11:50:18
https://www.youtube.com/watch?v=XLyHkM2wDjY,ME VUELVO IMPARABLE (Oro I) | GEOGUESSR Gameplay Español,Más Menos Trece,gameplay español,gaming,2026-03-30 11:50:21
https://www.youtube.com/watch?v=ELaU4gB8sXo,PRIMERAS IMPRESIONES - Crimson Desert Gameplay Español Ep1,El Escoces gamer,gameplay español,gaming,2026-03-30 11:50:21
https://www.youtube.com/watch?v=D5j3V54SoNw,Completé el NUEVO SURVIVAL HORROR estilo SILENT HILL y es BRUTAL - Fear the Timeloop,GENuINE993,gameplay español,gaming,2026-03-30 11:50:21
https://www.youtube.com/watch?v=VBi3xwx6nuY,UE Survivors Throne 2026 | #FreeFireMax | Semifinal Day 1 Group-A,UPTHRUST ESPORTS ,esports,gaming,2026-03-30 11:50:28
https://www.youtube.com/watch?v=90ZFDNBLrqE,CBLOL x LOL ESPORTS LATAM,LoL Esports Latinoamérica,esports,gaming,2026-03-30 11:50:28
https://www.youtube.com/watch?v=oI7Ys-FcMV0,GREATEST Performances in Esports History,Gaming Explained,esports,gaming,2026-03-30 11:50:28
https://www.youtube.com/watch?v=dmX0l1TprQg,How to create your routine,BlueGym Animation,rutina gym,fitness,2026-03-30 11:50:33
https://www.youtube.com/watch?v=UglCbW0bmEw,How to create the perfect gym routine,Anabolic Advice,rutina gym,fitness,2026-03-30 11:50:33
https://www.youtube.com/watch?v=7NmiKpvPvt8,The PERFECT 5-Day Muscle Gain Routine,Andres Vazquez Personal Trainer,rutina gym,fitness,2026-03-30 11:50:33
https://www.youtube.com/watch?v=y9-_6xBgJbE,Exercise routine for BEGINNERS At Home (20 Minutes) Start from scratch to exercise,Chuy Almada,ejercicios en casa,fitness,2026-03-30 11:50:36
https://www.youtube.com/watch?v=QAQPwzbVrr4,30 Minute Home Workout for a Flat Stomach and Small Waist,Roberta's Gym Español,ejercicios en casa,fitness,2026-03-30 11:50:36
https://www.youtube.com/watch?v=AUTqIj21X7g,"GAL: GLUTES, ABS, AND LEGS + ARMS",Fausto Murillo,ejercicios en casa,fitness,2026-03-30 11:50:36
https://www.youtube.com/watch?v=I8f5DOMjctc,F-Talks #08 | Francis Holway: Nutrición deportiva,Future You,nutricion deportiva,fitness,2026-03-30 11:50:42
https://www.youtube.com/watch?v=yYvGgauluy0,Francis Holway: ULTIMA Guía de Nutrición y la Ciencia de Bajar de Peso | Sabidura.Cast #27,SabiduriaCast con Franchu Pardo ,nutricion deportiva,fitness,2026-03-30 11:50:42
https://www.youtube.com/watch?v=DEmxosaBxyY,Nutrición y preparación deportiva - Francis Holway,Nutriva APP,nutricion deportiva,fitness,2026-03-30 11:50:42
https://www.youtube.com/watch?v=q0A-xDS2VtM,Colten Mertens – Crossfit Quarterfinals Workout 3,CF Network,crossfit,fitness,2026-03-30 11:50:45
https://www.youtube.com/watch?v=8cPQpSS8Tt4,Como es un entrenamiento (clase) de Crossfit?,Weightlifting Fitness,crossfit,fitness,2026-03-30 11:50:45
https://www.youtube.com/watch?v=e91_S8vk64s,Best Fitness Playlist 2026 🎧 Workout Music Mix 2026 🎧 Gym Motivation Songs,HypeZone Music,crossfit,fitness,2026-03-30 11:50:45
https://www.youtube.com/watch?v=Dt6RtK4o2t8,GALAXY A57: THE BEST AND WORST - DOES IT LIVE UP TO EXPECTATIONS? | Review,Tano Giuliani,review celulares,tecnologia,2026-03-30 11:50:50
https://www.youtube.com/watch?v=lPQoUyrsggE,The 10 Best Phones for the Price in 2026,Pro Android,review celulares,tecnologia,2026-03-30 11:50:50
https://www.youtube.com/watch?v=_IxKXZJ-mTQ,BEST MID-RANGE CELL PHONES to buy in 2025,Isa Marcial,review celulares,tecnologia,2026-03-30 11:50:50
https://www.youtube.com/watch?v=aJwMEQqwDSo,CES 2025: 15 Innovaciones Tecnológicas que Cambiarán el Futuro,Raz,tecnologia 2025,tecnologia,2026-03-30 11:50:57
https://www.youtube.com/watch?v=RiC8quevWhM,51 Gadgets You Didn't Know Exist and Are Available on Amazon,Ezequiel Tech,tecnologia 2025,tecnologia,2026-03-30 11:50:57
https://www.youtube.com/watch?v=J5JQlEXVOsY,Las 10 Tecnologías de 2025 que Cambiaron el Mundo para Siempre,Realidad Impresionante,tecnologia 2025,tecnologia,2026-03-30 11:50:57
https://www.youtube.com/watch?v=rjYnUYACF8M,My MASSIVE Tech Unboxing 67.0!,UrAvgConsumer,unboxing tech,tecnologia,2026-03-30 11:51:03
https://www.youtube.com/watch?v=hkoU2G6A7-0,My Massive Tech Unboxing 66 - Holiday Edition 2025!,UrAvgConsumer,unboxing tech,tecnologia,2026-03-30 11:51:03
https://www.youtube.com/watch?v=5hgwfejFMV8,My Massive Tech Unboxing 65.0!,UrAvgConsumer,unboxing tech,tecnologia,2026-03-30 11:51:03
https://www.youtube.com/watch?v=JCSS6OojImM,OpenClaw: Install it in minutes (real step-by-step guide),Inteligencia Artificial,inteligencia artificial,tecnologia,2026-03-30 11:51:08
https://www.youtube.com/watch?v=Q6BclIP5QBQ,V. Completa. Una clase magistral del pionero de la inteligencia artificial. Jürgen Schmidhuber,AprendemosJuntos,inteligencia artificial,tecnologia,2026-03-30 11:51:08
https://www.youtube.com/watch?v=If7lGMMlQJc,Inteligencia Artificial: Cómo usar la IA para ganar más en 2026 | Nicolás Rojas,Dinstinto,inteligencia artificial,tecnologia,2026-03-30 11:51:08
